timestamp,src_IP,dst_IP,Protocol,src_port,dst_port
2026-03-21 08:47:31.918911,,,TCP,443,38672
2026-03-21 08:47:31.919166,,,TCP,38672,443
2026-03-21 08:47:33.718674,,,TCP,443,38672
2026-03-21 08:47:33.719140,,,TCP,38672,443
2026-03-21 08:47:35.533355,,,,,
2026-03-21 08:47:35.533543,,,,,
2026-03-21 08:47:37.064542,,,,,
2026-03-21 08:47:37.064810,,,,,
2026-03-21 08:47:37.810925,,,TCP,443,38672
2026-03-21 08:47:37.811400,,,TCP,38672,443
2026-03-21 08:47:38.405838,,,TCP,443,37152
2026-03-21 08:47:38.426589,,,TCP,37152,443
2026-03-21 08:47:38.705766,,,TCP,443,37152
2026-03-21 08:47:39.945912,,,TCP,443,37152
2026-03-21 08:47:39.986794,,,TCP,37152,443
2026-03-21 08:47:41.247000,,,TCP,443,37152
2026-03-21 08:47:41.247233,,,TCP,37152,443
2026-03-21 08:47:42.022018,,,TCP,443,37152
2026-03-21 08:47:42.022244,,,TCP,37152,443
2026-03-21 08:47:42.270888,,,TCP,443,49232
2026-03-21 08:47:42.271158,,,TCP,49232,443
2026-03-21 08:47:42.271405,,,TCP,49232,443
2026-03-21 08:47:42.592916,,,TCP,443,49232
2026-03-21 08:47:43.302135,,,TCP,49232,443
2026-03-21 08:47:43.570306,,,TCP,443,49232
2026-03-21 08:47:44.471266,,,TCP,443,37152
2026-03-21 08:47:44.471515,,,TCP,37152,443
2026-03-21 08:47:45.532361,,,TCP,443,37152
2026-03-21 08:47:45.532601,,,TCP,37152,443
2026-03-21 08:47:46.095989,10.182.186.64,209.126.35.78,TCP,58438,443
2026-03-21 08:47:46.137418,,,TCP,443,37152
2026-03-21 08:47:46.137653,,,TCP,37152,443
2026-03-21 08:47:46.137960,209.126.35.78,10.182.186.64,TCP,443,58438
2026-03-21 08:47:48.068455,,,TCP,443,37152
2026-03-21 08:47:48.068772,,,TCP,37152,443
2026-03-21 08:47:49.376901,,,TCP,443,37152
2026-03-21 08:47:49.377136,,,TCP,37152,443
2026-03-21 08:47:50.557467,,,TCP,443,37152
2026-03-21 08:47:50.557867,,,TCP,37152,443
2026-03-21 08:47:51.873630,,,TCP,443,37152
2026-03-21 08:47:51.874033,,,TCP,37152,443
2026-03-21 08:47:53.427852,,,TCP,37152,443
2026-03-21 08:47:53.544869,,,TCP,443,37152
2026-03-21 08:47:53.545202,,,TCP,37152,443
2026-03-21 08:47:53.717499,,,TCP,443,37152
2026-03-21 08:47:54.432878,,,TCP,443,37152
2026-03-21 08:47:54.433252,,,TCP,37152,443
2026-03-21 08:47:55.552446,,,TCP,443,37152
2026-03-21 08:47:55.552671,,,TCP,37152,443
2026-03-21 08:47:56.083058,,,TCP,49232,443
2026-03-21 08:47:56.370499,,,TCP,443,49232
2026-03-21 08:47:56.370820,,,TCP,443,49232
2026-03-21 08:47:56.411756,,,TCP,49232,443
2026-03-21 08:47:56.636966,,,TCP,443,37152
2026-03-21 08:47:56.637404,,,TCP,37152,443
2026-03-21 08:47:58.649623,,,TCP,443,37152
2026-03-21 08:47:58.649868,,,TCP,37152,443
2026-03-21 08:48:01.160939,,,TCP,443,37152
2026-03-21 08:48:01.161169,,,TCP,37152,443
2026-03-21 08:48:02.433091,,,TCP,443,37152
2026-03-21 08:48:02.433409,,,TCP,37152,443
2026-03-21 08:48:03.322638,,,,,
2026-03-21 08:48:03.329165,,,,,
2026-03-21 08:48:03.332026,,,,,
2026-03-21 08:48:03.623277,,,,,
2026-03-21 08:48:04.096605,10.182.186.64,10.182.186.75,UDP,55853,53
2026-03-21 08:48:04.097043,10.182.186.64,10.182.186.75,UDP,55853,53
2026-03-21 08:48:04.135472,10.182.186.75,10.182.186.64,UDP,53,55853
2026-03-21 08:48:04.142886,10.182.186.75,10.182.186.64,UDP,53,55853
2026-03-21 08:48:04.143222,10.182.186.64,95.216.195.133,TCP,38110,80
2026-03-21 08:48:04.457425,95.216.195.133,10.182.186.64,TCP,80,38110
2026-03-21 08:48:04.457875,10.182.186.64,95.216.195.133,TCP,38110,80
2026-03-21 08:48:04.458245,10.182.186.64,95.216.195.133,TCP,38110,80
2026-03-21 08:48:04.782758,95.216.195.133,10.182.186.64,TCP,80,38110
2026-03-21 08:48:04.783490,95.216.195.133,10.182.186.64,TCP,80,38110
2026-03-21 08:48:04.783818,10.182.186.64,95.216.195.133,TCP,38110,80
2026-03-21 08:48:04.784144,95.216.195.133,10.182.186.64,TCP,80,38110
2026-03-21 08:48:04.784457,10.182.186.64,95.216.195.133,TCP,38110,80
2026-03-21 08:48:05.093258,95.216.195.133,10.182.186.64,TCP,80,38110
2026-03-21 08:48:05.356448,,,TCP,443,37152
2026-03-21 08:48:05.356690,,,TCP,37152,443
2026-03-21 08:48:06.491183,,,TCP,443,37152
2026-03-21 08:48:06.491493,,,TCP,37152,443
